Pcia,Sucursal,Dirección,N°
BUENOS AIRES,Almirante Brown,Changomas - Avenida Espora  2074,330
BUENOS AIRES,Avellaneda,Walmart - Autopista Buenos Aires La Plata Km. 9 ,316
BUENOS AIRES,Avellaneda,Walmart - Güemes  861,299
BUENOS AIRES,Bahía Blanca,Walmart - Sarmiento  4114,302
BUENOS AIRES,Laferrere,Walmart - Ruta N°21  1150,359
BUENOS AIRES,San Justo,Walmart - Juan Manuel De Rosas  3990,298
BUENOS AIRES,La Tablada,Walmart - Monseñor Bufano  6050,317
BUENOS AIRES,La Plata,Walmart - Camino Centenario  1876,301
BUENOS AIRES,Lanús,Changomas - Bolevard De Los Italianos  321,357
BUENOS AIRES,Lomas de Zamora,Changomas - Cerriro  1800,379
BUENOS AIRES,Luján,Walmart - Payro  198,332
BUENOS AIRES,Malvinas Argentinas,Changomas - Avenida del Sequicentenario,336
BUENOS AIRES,Moreno,Changomas - Avenida Julio Roca  3500,335
BUENOS AIRES,Olavarría,Walmart - Rivadavia  4370,342
BUENOS AIRES,Pilar,Walmart - Ruta Panamericana Km. 52 ,393
BUENOS AIRES,Quilmes,Walmart - Avenida Calchaquí  700,318
BUENOS AIRES,San Fernando,Walmart - Camino Bancalari ,313
BUENOS AIRES,Tigre,Changomas - Colombia  1212,322
BUENOS AIRES,Caseros,Walmart - Avenida Justo Jose De Urquiza  4350,403
BUENOS AIRES,Tres de Febrero,Changomas - Avenida  Pte Juan Domingo Peron  9150,347
CATAMARCA,San Fernando del Valle de Catamarca,Changomas - Avenida Acosta Villafañez  2420,331
CHACO,Resistencia,Walmart - Ruta 11,366
CHUBUT,Comodoro Rivadavia,"Walmart - Ruta Nacional N°3 (Km. 4, 4)",395
CHUBUT,Puerto Madryn,Changomas - Juan B. Justo  1885,406
CHUBUT,Trelew,Changomas - Avenida Eva Peron  719,345
CIUDAD AUTÓNOMA DE BUENOS AIRES,DOT Baires,Walmart - Arias  3771,326
CIUDAD AUTÓNOMA DE BUENOS AIRES,Constituyentes,Walmart - Albarellos  2565,297
CORDOBA,Cordoba Capital,Walmart - Avenida Colón  6051,305
CORDOBA,Cordoba Capital,Changomas - Avenida Fuerza Aerea  4372,355
CORDOBA,Cordoba Capital,Walmart - Avenida Circunvalación  2557,321
CORDOBA,Cordoba Capital,Walmart - Mauricio Yadarola  1699,306
CORDOBA,Río Cuarto,Walmart - Juan B. Justo  2052,310
CORDOBA,Villa Nueva,Changomas - Avenida Carranza  980,353
CORRIENTES,Corrientes,Walmart - Avenida  Del Iv Centenario  3550,315
CORRIENTES,Corrientes,Changomas - Avenida Maipu  2803,368
ENTRE RIOS,Paraná,Walmart - Avenida F Arias De Larramendi  1490,304
ENTRE RIOS,Paraná,Changomas - Alte. G. Brown  1779,343
FORMOSA,Formosa,Changomas - Avenida Gutnisky  3636,327
JUJUY,San Pedro,Changomas - San Gabriel  712,405
JUJUY,San Salvador de Jujuy,Changomas - Riobamba,334
LA PAMPA,Santa Rosa,Changomas - Av. Circunvalación Santiago Marzo  1550,328
LA RIOJA,La Rioja,Changomas - Avenida Ortiz de Ocampo  1187,311
MENDOZA,Godoy Cruz,Walmart - San Martin Sur  3575,378
MENDOZA,Guaymallén,Walmart - Cnel. José Moldes 1023,309
MENDOZA,Las Heras,Walmart - Avenida Boulogne Sur Mer  1301,314
MENDOZA,Maipú,Changomas - Maza,329
MENDOZA,San Martín,Changomas - Boulogne Sur Mer  700,365
MISIONES,Posadas,Changomas - Avenida Tambor De Tacuari  5158,358
MISIONES,Posadas,Changomas - Avenida Alicia Moreau De Justo,402
NEUQUEN,Neuquén,Walmart - Eugenio Perticone  1255,308
NEUQUEN,Neuquén,Changomas - Gral Manuel Belgrano  2735,324
RIO NEGRO,Cipoletti,Changomas - Bolivia  1169,350
RIO NEGRO,Viedma,Changomas - Tierra Del Fuego  514,351
SALTA,Salta,Changomas - Avenida Paraguay  1260,319
SAN JUAN,San Juan,Walmart - Avenida Ignacio De La Roza  806,312
SAN LUIS,San Luis,Walmart - Avenida Del Fundador  1450,307
SAN LUIS,Villa Mercedes,Changomas - Pte. J. D. Perón  825,361
SANTA FE,Santa Fe,Walmart - Ruta 168  Km 473  473,303
SANTIAGO DEL ESTERO,Santiago del Estero,Changomas - Colectora Circunvalación,320
TUCUMAN,Banda del Río Salí,Changomas - Avenida San Martín,333
TUCUMAN,Concepción,Changomas - Avenida Güemes,392
TUCUMAN,San Miguel de Tucumán,Walmart - Camino del Perú  950,323
TUCUMAN,San Miguel de Tucumán,Changomas - Avenida Ejército del Norte 2200,401
BUENOS AIRES,Claypole,Changomas - Av Lacaze 3963,409
